INSERT INTO teams (team_id, team_name, team_short_name, founded_year, city,points) VALUES
(77, 'Athletic Club', 'Athletic', 1898, 'Bilbao',20),
(78, 'Club Atlético de Madrid', 'Atleti', 1903, 'Madrid',31),
(79, 'CA Osasuna', 'Osasuna', 1920, 'Pamplona',12),
(80, 'RCD Espanyol de Barcelona', 'Espanyol', 1900, 'Barcelona',24),
(81, 'FC Barcelona', 'Barça', 1899, 'Barcelona',37),
(82, 'Getafe CF', 'Getafe', 1983, 'Getafe',20),
(86, 'Real Madrid CF', 'Real Madrid', 1902, 'Madrid',36),
(87, 'Rayo Vallecano de Madrid', 'Rayo Vallecano', 1924, 'Madrid',17),
(88, 'Levante UD', 'Levante', 1909, 'Valencia',9),
(89, 'RCD Mallorca', 'Mallorca', 1916, 'Palma',13),
(90, 'Real Betis Balompié', 'Real Betis', 1907, 'Seville',24),
(92, 'Real Sociedad de Fútbol', 'Real Sociedad', 1909, 'San Sebastián',16),
(94, 'Villarreal CF', 'Villarreal', 1923, 'Villarreal',32),
(95, 'Valencia CF', 'Valencia', 1919, 'Valencia',14),
(263, 'Deportivo Alavés', 'Alavés', 1921, 'Vitoria-Gasteiz',15),
(285, 'Elche CF', 'Elche', 1923, 'Elche',16),
(298, 'Girona FC', 'Girona', 1930, 'Girona',12),
(558, 'RC Celta de Vigo', 'Celta', 1923, 'Vigo',16),
(559, 'Sevilla FC', 'Sevilla FC', 1890, 'Seville',16),
(1048, 'Real Oviedo', 'Real Oviedo', 1926, 'Oviedo',9);

INSERT INTO players (player_id, api_id, name, position, nationality, team_id) VALUES
(1, 32570, 'Unai Simón', 'Goalkeeper', 'Spain', 77),
(2, 203459, 'Álex Padilla', 'Goalkeeper', 'Spain', 77),
(3, 286275, 'Mikel Santos', 'Goalkeeper', 'Spain', 77),
(4, 217432, 'Unai Eguíluz', 'Defence', 'Spain', 77),
(5, 283817, 'Jon de Luis', 'Defence', 'Spain', 77),
(6, 286606, 'Iker Monreal', 'Defence', 'Spain', 77),
(7, 289114, 'Ander Izaguirre', 'Defence', 'Spain', 77),
(8, 278297, 'Alejandro Rego', 'Midfield', 'Spain', 77),
(9, 287081, 'Ibon Sánchez', 'Midfield', 'Spain', 77),
(10, 288898, 'Selton Sánchez', 'Midfield', 'Spain', 77),
(11, 189820, 'Urko Izeta', 'Offence', 'Spain', 77),
(12, 287080, 'Adrián Pérez', 'Offence', 'Spain', 77),
(13, 289113, 'Asier Hierro', 'Offence', 'Spain', 77),
(14, 157135, 'Nico Williams', 'Left Winger', 'Spain', 77),
(15, 151439, 'Aitor Paredes Casamichana', 'Centre-Back', 'Spain', 77),
(16, 136000, 'Jesús Areso', 'Right-Back', 'Spain', 77),
(17, 126878, 'Oihan Sancet', 'Attacking Midfield', 'Spain', 77),
(18, 101870, 'Roberto Navarro', 'Attacking Midfield', 'Spain', 77),
(19, 96868, 'Mikel Vesga', 'Defensive Midfield', 'Spain', 77),
(20, 81565, 'Gorka Guruzeta', 'Centre-Forward', 'Spain', 77),
(21, 33091, 'Andoni Gorosabel', 'Right-Back', 'Spain', 77),
(22, 32629, 'Iñaki Williams', 'Right Winger', 'Ghana', 77),
(23, 32618, 'Daniel Vivian', 'Centre-Back', 'Spain', 77),
(24, 32581, 'Iñigo Lekue', 'Right-Back', 'Spain', 77),
(25, 32579, 'Yeray Álvarez', 'Centre-Back', 'Spain', 77),
(26, 32481, 'Ruiz de Galarreta', 'Central Midfield', 'Spain', 77),
(27, 8479, 'Yuri Berchiche', 'Left-Back', 'Spain', 77),
(28, 7884, 'Aymeric Laporte', 'Centre-Back', 'Spain', 77),
(29, 2294, 'Álex Berenguer', 'Left Winger', 'Spain', 77),
(30, 261580, 'Sannadi', 'Centre-Forward', 'Spain', 77),
(31, 246633, 'Adama Boiro', 'Left-Back', 'Spain', 77),
(32, 244599, 'Mikel Jauregizar', 'Central Midfield', 'Spain', 77),
(33, 202335, 'Unai Gomez', 'Attacking Midfield', 'Spain', 77),
(34, 172027, 'Nico Serrano', 'Left Winger', 'Spain', 77),
(35, 168663, 'Benat Prados', 'Central Midfield', 'Spain', 77),
(36, 120, 'Jan Oblak', 'Goalkeeper', 'Slovenia', 78),
(37, 46554, 'Juan Musso', 'Goalkeeper', 'Argentina', 78),
(38, 203506, 'Mario de Luis', 'Goalkeeper', 'Spain', 78),
(39, 279062, 'Salvi Esquivel', 'Goalkeeper', 'Spain', 78),
(40, 176745, 'Marc Pubill', 'Defence', 'Spain', 78),
(41, 213260, 'Javi Galán', 'Defence', 'Spain', 78),
(42, 213277, 'José Giménez', 'Defence', 'Uruguay', 78),
(43, 171955, 'Javier Serrano', 'Midfield', 'Spain', 78),
(44, 177509, 'Pablo Barrios', 'Midfield', 'Spain', 78),
(45, 279061, 'Alejandro Monserrate', 'Midfield', 'Spain', 78),
(46, 279065, 'Taufik', 'Midfield', 'Ghana', 78),
(47, 114117, 'Giacomo Raspadori', 'Offence', 'Italy', 78),
(48, 213278, 'Álex Baena', 'Offence', 'Spain', 78),
(49, 277848, 'Omar', 'Offence', 'Spain', 78),
(50, 123265, 'Johnny', 'Defensive Midfield', 'USA', 78),
(51, 119265, 'Conor Gallagher', 'Central Midfield', 'England', 78),
(52, 99791, 'Robin Le Normand', 'Centre-Back', 'Spain', 78),
(53, 98571, 'Julián Álvarez', 'Centre-Forward', 'Argentina', 78),
(54, 79953, 'Thiago Almada', 'Attacking Midfield', 'Argentina', 78),
(55, 46452, 'Nahuel Molina', 'Right-Back', 'Argentina', 78),
(56, 45680, 'Nicolás González', 'Right Winger', 'Argentina', 78),
(57, 15542, 'Dávid Hancko', 'Centre-Back', 'Slovakia', 78),
(58, 8167, 'Alexander Sørloth', 'Centre-Forward', 'Norway', 78),
(59, 114, 'Antoine Griezmann', 'Centre-Forward', 'France', 78),
(60, 112, 'Koke', 'Central Midfield', 'Spain', 78),
(61, 70, 'Marcos Llorente', 'Right Midfield', 'Spain', 78),
(62, 63, 'Clément Lenglet', 'Centre-Back', 'France', 78),
(63, 244719, 'Rayane Belaid', 'Left Winger', 'Algeria', 78),
(64, 221562, 'Javier Boñar', 'Right-Back', 'Spain', 78),
(65, 206337, 'Ilias Kostis', 'Centre-Back', 'Cyprus', 78),
(66, 175937, 'Carlos Martin', 'Left Winger', 'Spain', 78),
(67, 171964, 'Giuliano Simeone', 'Right Winger', 'Argentina', 78),
(68, 151241, 'Matteo Ruggeri', 'Left Midfield', 'Italy', 78),
(69, 31968, 'Sergio Herrera', 'Goalkeeper', 'Spain', 79),
(70, 32391, 'Aitor Fernández', 'Goalkeeper', 'Spain', 79),
(71, 217550, 'Dimitrios Stamatakis', 'Goalkeeper', 'Greece', 79),
(72, 264456, 'Raúl Chasco', 'Defence', 'Spain', 79),
(73, 277419, 'Jon García', 'Midfield', 'Spain', 79),
(74, 284105, 'Mauro Echegoyen', 'Midfield', 'Spain', 79),
(75, 187083, 'Roberto Arroyo', 'Offence', 'Spain', 79),
(76, 273423, 'Víctor Muñoz', 'Offence', 'Spain', 79),
(77, 274205, 'Carlos Lumbreras', 'Offence', 'Spain', 79),
(78, 286817, 'Martín Pedroarena', 'Offence', 'Spain', 79),
(79, 249577, 'Asier Osambela', 'Attacking Midfield', 'Spain', 79),
(80, 248752, 'Iñigo Arguibide', 'Right Winger', 'Spain', 79),
(81, 191925, 'Iker Munoz', 'Defensive Midfield', 'Spain', 79),
(82, 186674, 'Abel Bretones', 'Left-Back', 'Spain', 79),
(83, 176931, 'Iker Benito', 'Right Winger', 'Spain', 79),
(84, 159409, 'Jorge Herrando', 'Centre-Back', 'Spain', 79),
(85, 151019, 'Flavien Boyomo', 'Centre-Back', 'France', 79),
(86, 130324, 'Raúl', 'Centre-Forward', 'Spain', 79),
(87, 119093, 'Aimar Oroz', 'Attacking Midfield', 'Spain', 79),
(88, 111674, 'Jon Moncayola', 'Central Midfield', 'Spain', 79),
(89, 81183, 'Juan Cruz', 'Left-Back', 'Spain', 79),
(90, 50890, 'Catena', 'Centre-Back', 'Spain', 79),
(91, 32217, 'Moi Gómez', 'Left Winger', 'Spain', 79),
(92, 32212, 'Rubén García', 'Right Winger', 'Spain', 79),
(93, 32004, 'Kike Barja', 'Right Winger', 'Spain', 79),
(94, 32002, 'Lucas Torró', 'Defensive Midfield', 'Spain', 79),
(95, 8559, 'Valentin Rosier', 'Right-Back', 'France', 79),
(96, 7633, 'Sheraldo Becker', 'Left Winger', 'Suriname', 79),
(97, 2237, 'Ante Budimir', 'Centre-Forward', 'Croatia', 79),
(98, 3430, 'Marko Dmitrović', 'Goalkeeper', 'Serbia', 80),
(99, 150560, 'Ángel Fortuño Viñas', 'Goalkeeper', 'Spain', 80),
(100, 244761, 'Pol Tristán', 'Goalkeeper', 'Spain', 80),
(101, 249600, 'Llorenç Serred', 'Goalkeeper', 'Spain', 80),
(102, 151257, 'José Salinas', 'Defence', 'Spain', 80),
(103, 180108, 'Rubén Sánchez', 'Defence', 'Spain', 80),
(104, 180164, 'Miguel Rubio', 'Defence', 'Spain', 80),
(105, 273284, 'José López', 'Defence', 'Spain', 80),
(106, 30876, 'Charles Pickel', 'Midfield', 'DR Congo', 80),
(107, 154714, 'Omar El Hilali', 'Midfield', 'Morocco', 80),
(108, 215520, 'Coarasa', 'Midfield', 'Spain', 80),
(109, 288783, 'Ferran Gómez', 'Midfield', 'Spain', 80),
(110, 215544, 'Antoniu Roca', 'Right Winger', 'Spain', 80),
(111, 186564, 'Carlos Romero', 'Left-Back', 'Spain', 80),
(112, 182267, 'Luca Koleosho', 'Right Winger', 'Italy', 80),
(113, 180218, 'Roberto Fernández', 'Centre-Forward', 'Spain', 80),
(114, 170833, 'Clemens Riedel', 'Centre-Back', 'Germany', 80),
(115, 154000, 'RamónTerrats Espacio', 'Defensive Midfield', 'Spain', 80),
(116, 151031, 'Urko González', 'Defensive Midfield', 'Spain', 80),
(117, 150561, 'Jofre Carreras Pagès', 'Right Winger', 'Spain', 80),
(118, 149049, 'Tyrhys Dolan', 'Right Winger', 'England', 80),
(119, 125210, 'Pol Lozano', 'Central Midfield', 'Spain', 80),
(120, 81168, 'Javi Puado', 'Left Winger', 'Spain', 80),
(121, 33652, 'Edu Expósito', 'Central Midfield', 'Spain', 80),
(122, 33358, 'Kike García', 'Centre-Forward', 'Spain', 80),
(123, 32398, 'Pere Milla', 'Left Winger', 'Spain', 80),
(124, 32362, 'Fernando Calero', 'Centre-Back', 'Spain', 80),
(125, 11040, 'Leandro Cabrera', 'Centre-Back', 'Uruguay', 80),
(126, 2022, 'Wojciech Szczęsny', 'Goalkeeper', 'Poland', 81),
(127, 3173, 'Marc-André ter Stegen', 'Goalkeeper', 'Germany', 81),
(128, 152506, 'Joan García', 'Goalkeeper', 'Spain', 81),
(129, 217424, 'Diego Kochen', 'Goalkeeper', 'USA', 81),
(130, 286824, 'Eder Aller', 'Goalkeeper', 'Spain', 81),
(131, 272984, 'Álvaro Cortés', 'Defence', 'Spain', 81),
(132, 283414, 'Jofre Torrents', 'Defence', 'Spain', 81),
(133, 270320, 'Guille Fernández', 'Midfield', 'Spain', 81),
(134, 283413, 'Pedro Fernández', 'Midfield', 'Spain', 81),
(135, 287848, 'Xavi Espart', 'Midfield', 'Spain', 81),
(136, 205534, 'Roony Bardagji', 'Offence', 'Sweden', 81),
(137, 270450, 'Toni Fernández', 'Offence', 'Spain', 81),
(138, 287866, 'Juan Hernández', 'Offence', 'Spain', 81),
(139, 172761, 'Álex Balde', 'Left-Back', 'Spain', 81),
(140, 171992, 'Pablo Gavira', 'Central Midfield', 'Spain', 81),
(141, 133860, 'Pedri', 'Central Midfield', 'Spain', 81),
(142, 101345, 'Eric García', 'Centre-Back', 'Spain', 81),
(143, 37428, 'Raphinha', 'Left Winger', 'Brazil', 81),
(144, 33154, 'Ferrán Torres', 'Right Winger', 'Spain', 81),
(145, 28292, 'Ronald Araújo', 'Centre-Back', 'Uruguay', 81),
(146, 23132, 'Dani Olmo', 'Attacking Midfield', 'Spain', 81),
(147, 8499, 'Jules Koundé', 'Right-Back', 'France', 81),
(148, 7559, 'Frenkie de Jong', 'Central Midfield', 'Netherlands', 81),
(149, 3455, 'Andreas Christensen', 'Centre-Back', 'Denmark', 81),
(150, 3331, 'Marcus Rashford', 'Left Winger', 'England', 81),
(151, 371, 'Robert Lewandowski', 'Centre-Forward', 'Poland', 81),
(152, 264321, 'Marc Bernal', 'Defensive Midfield', 'Spain', 81),
(153, 264320, 'Gerard Martín', 'Left-Back', 'Spain', 81),
(154, 217540, 'Pau Cubarsí', 'Centre-Back', 'Spain', 81),
(155, 214533, 'Fermín López', 'Central Midfield', 'Spain', 81),
(156, 202283, 'Lamine Yamal', 'Right Winger', 'Spain', 81),
(157, 188817, 'Marc Casado', 'Defensive Midfield', 'Spain', 81),
(158, 78, 'David Soria', 'Goalkeeper', 'Spain', 82),
(159, 146888, 'Jiří Letáček', 'Goalkeeper', 'Czech Republic', 82),
(160, 214562, 'Jorge Benito', 'Goalkeeper', 'Spain', 82),
(161, 264160, 'Diego Ferrer', 'Goalkeeper', 'Spain', 82),
(162, 186687, 'Lucas Laso', 'Defence', 'Spain', 82),
(163, 213274, 'Kiko Femenía', 'Defence', 'Spain', 82),
(164, 256157, 'Davinchi', 'Defence', 'Spain', 82),
(165, 274175, 'Ismael Bekhoucha', 'Defence', 'Morocco', 82),
(166, 283796, 'Marc Vilaplana', 'Defence', 'Spain', 82),
(167, 211825, 'Alejandro Sancris', 'Midfield', 'Spain', 82),
(168, 249599, 'Adri Liso', 'Midfield', 'Spain', 82),
(169, 286777, 'Mykyta Alexandrov', 'Midfield', 'Ukraine', 82),
(170, 178634, 'Abu Kamara', 'Right Winger', 'England', 82),
(171, 102213, 'Yvan Neyou', 'Defensive Midfield', 'Cameroon', 82),
(172, 83351, 'Juan Iglesias', 'Right-Back', 'Spain', 82),
(173, 81187, 'Abdelkabir Abqar', 'Centre-Back', 'Morocco', 82),
(174, 45472, 'Domingos Duarte', 'Centre-Back', 'Portugal', 82),
(175, 32758, 'Mauro Arambarri', 'Central Midfield', 'Uruguay', 82),
(176, 32449, 'Luis Milla', 'Central Midfield', 'Spain', 82),
(177, 31969, 'Javi Muñoz', 'Central Midfield', 'Spain', 82),
(178, 8015, 'Allan Nyom', 'Right-Back', 'Cameroon', 82),
(179, 3125, 'Dakonam Djené', 'Centre-Back', 'Togo', 82),
(180, 277, 'Diego Rico', 'Left-Back', 'Spain', 82),
(181, 69, 'Borja Mayoral', 'Centre-Forward', 'Spain', 82),
(182, 2, 'Juanmi', 'Left Winger', 'Spain', 82),
(183, 267897, 'Coba da Costa', 'Left Winger', 'Spain', 82),
(184, 250899, 'Yassin Tallal', 'Left Winger', 'Morocco', 82),
(185, 250399, 'Alberto Risco', 'Attacking Midfield', 'Spain', 82),
(186, 229070, 'Joselu Pérez', 'Centre-Forward', 'Spain', 82),
(187, 228935, 'Hugo Solozábal', 'Central Midfield', 'Spain', 82),
(188, 191064, 'Mario Martin', 'Defensive Midfield', 'Spain', 82),
(189, 186707, 'Gorka Rivera', 'Left-Back', 'Spain', 82),
(190, 3641, 'Thibaut Courtois', 'Goalkeeper', 'Belgium', 86),
(191, 28995, 'Andriy Lunin', 'Goalkeeper', 'Ukraine', 86),
(192, 188407, 'Sergio Mestre', 'Goalkeeper', 'Spain', 86),
(193, 206826, 'Fran Gonzalez', 'Goalkeeper', 'Spain', 86),
(194, 287049, 'Javi Navarro', 'Goalkeeper', 'Spain', 86),
(195, 213266, 'Fran García', 'Defence', 'Spain', 86),
(196, 270615, 'David Jiménez', 'Defence', 'Spain', 86),
(197, 273000, 'Diego Aguado', 'Defence', 'Spain', 86),
(198, 279092, 'Jesús Fortea', 'Defence', 'Spain', 86),
(199, 250304, 'Franco Mastantuono', 'Midfield', 'Argentina', 86),
(200, 283110, 'Thiago Pitarch', 'Midfield', 'Spain', 86),
(201, 283111, 'Roberto Martín', 'Midfield', 'Spain', 86),
(202, 273058, 'Daniel Yáñez', 'Offence', 'Spain', 86),
(203, 169162, 'Arda Guler', 'Right Winger', 'Turkey', 86),
(204, 125010, 'Jude Bellingham', 'Attacking Midfield', 'England', 86),
(205, 102343, 'Eduardo Camavinga', 'Central Midfield', 'France', 86),
(206, 8514, 'Aurélien Tchouameni', 'Defensive Midfield', 'France', 86),
(207, 8458, 'Ferland Mendy', 'Left-Back', 'France', 86),
(208, 7887, 'Brahim Diaz', 'Right Winger', 'Spain', 86),
(209, 7867, 'Trent Alexander-Arnold', 'Right-Back', 'England', 86),
(210, 3374, 'Kylian Mbappé', 'Centre-Forward', 'France', 86),
(211, 3194, 'Dani Carvajal', 'Right-Back', 'Spain', 86),
(212, 3177, 'Antonio Rüdiger', 'Centre-Back', 'Germany', 86),
(213, 1556, 'Vinicius Junior', 'Left Winger', 'Brazil', 86),
(214, 1337, 'Éder Militão', 'Centre-Back', 'Brazil', 86),
(215, 1324, 'Rodrygo', 'Right Winger', 'Brazil', 86),
(216, 349, 'David Alaba', 'Centre-Back', 'Austria', 86),
(217, 96, 'Federico Valverde', 'Central Midfield', 'Uruguay', 86),
(218, 68, 'Dani Ceballos', 'Central Midfield', 'Spain', 86),
(219, 272712, 'Raúl', 'Centre-Back', 'Spain', 86),
(220, 217658, 'Gonzalo García', 'Right Winger', 'Spain', 86),
(221, 191727, 'Dean Huijsen', 'Centre-Back', 'Spain', 86),
(222, 188487, 'Endrick', 'Centre-Forward', 'Brazil', 86),
(223, 182020, 'Alvaro Fernandez', 'Left-Back', 'Spain', 86),
(224, 46245, 'Augusto Batalla', 'Goalkeeper', 'Argentina', 87),
(225, 133288, 'Dani Cárdenas', 'Goalkeeper', 'Spain', 87),
(226, 182191, 'Gil Juanpe', 'Goalkeeper', 'Spain', 87),
(227, 273860, 'Adrián Molina', 'Goalkeeper', 'Spain', 87),
(228, 168725, 'Jozhua Vertrouwd', 'Defence', 'Netherlands', 87),
(229, 264416, 'Marco de las Sías', 'Defence', 'Spain', 87),
(230, 283310, 'Samu Becerra', 'Midfield', 'Spain', 87),
(231, 106014, 'Alexandre Alemão', 'Offence', 'Brazil', 87),
(232, 190558, 'Nobel Mendy', 'Centre-Back', 'Senegal', 87),
(233, 187117, 'Fran Perez', 'Right Winger', 'Spain', 87),
(234, 151251, 'Pep Chavarría', 'Left-Back', 'Spain', 87),
(235, 133276, 'Jorge de Frutos', 'Right Winger', 'Spain', 87),
(236, 115175, 'Sergio Camello', 'Centre-Forward', 'Spain', 87),
(237, 114955, 'Andrei Rațiu', 'Right-Back', 'Romania', 87),
(238, 98032, 'Randy Ntekja', 'Attacking Midfield', 'France', 87),
(239, 37649, 'Pathé Ciss', 'Central Midfield', 'Senegal', 87),
(240, 33711, 'Gerard Gumbau', 'Defensive Midfield', 'Spain', 87),
(241, 33496, 'Isi Palazón', 'Right Winger', 'Spain', 87),
(242, 32312, 'Álvaro García', 'Left Winger', 'Spain', 87),
(243, 32228, 'Pedro Díaz', 'Central Midfield', 'Spain', 87),
(244, 32124, 'Unai López', 'Central Midfield', 'Spain', 87),
(245, 32116, 'Óscar Trejo', 'Attacking Midfield', 'Argentina', 87),
(246, 32109, 'Óscar Valentín', 'Central Midfield', 'Spain', 87),
(247, 28384, 'Alfonso Espino', 'Left-Back', 'Uruguay', 87),
(248, 25641, 'Abdul Mumin', 'Centre-Back', 'Ghana', 87),
(249, 8716, 'Iván Balliu', 'Right-Back', 'Albania', 87),
(250, 7925, 'Florian Lejeune', 'Centre-Back', 'France', 87),
(251, 2071, 'Luiz Felipe', 'Centre-Back', 'Italy', 87),
(252, 3403, 'Maty Ryan', 'Goalkeeper', 'Australia', 88),
(253, 165167, 'Pablo Cuñat', 'Goalkeeper', 'Spain', 88),
(254, 182201, 'Alejandro Primo', 'Goalkeeper', 'Spain', 88),
(255, 283440, 'Cayetano Romero', 'Goalkeeper', 'Spain', 88),
(256, 32471, 'Unai Elgezabal', 'Defence', 'Spain', 88),
(257, 33633, 'Diego Pampín', 'Defence', 'Spain', 88),
(258, 98741, 'Adrián de la Fuente', 'Defence', 'Spain', 88),
(259, 249065, 'Jorge Cabello', 'Defence', 'Spain', 88),
(260, 253521, 'Martín Krug', 'Defence', 'Panama', 88),
(261, 283442, 'Nacho Pérez', 'Defence', 'Spain', 88),
(262, 288777, 'Huseini', 'Defence', 'Spain', 88),
(263, 4159, 'Oriol Rey', 'Midfield', 'Spain', 88),
(264, 32830, 'Pablo Martínez', 'Midfield', 'Spain', 88),
(265, 141828, 'Unai Vencedor Paris', 'Midfield', 'Spain', 88),
(266, 156525, 'Carlos Álvarez', 'Midfield', 'Spain', 88),
(267, 177772, 'Kervin Arriaga', 'Midfield', 'Honduras', 88),
(268, 288776, 'Pablo Rosón', 'Midfield', 'Spain', 88),
(269, 126913, 'Iker Losada', 'Offence', 'Spain', 88),
(270, 156746, 'Iván Romero', 'Offence', 'Spain', 88),
(271, 180282, 'Brugui', 'Offence', 'Spain', 88),
(272, 203439, 'Karl Etta Eyong', 'Offence', 'Cameroon', 88),
(273, 211851, 'Víctor García', 'Offence', 'Spain', 88),
(274, 213275, 'José Morales', 'Offence', 'Spain', 88),
(275, 247061, 'Carlos Espí', 'Offence', 'Spain', 88),
(276, 210811, 'Matias Moreno', 'Centre-Back', 'Argentina', 88),
(277, 191042, 'Alan Matturro', 'Centre-Back', 'Uruguay', 88),
(278, 161293, 'Jon Olasagasti', 'Central Midfield', 'Spain', 88),
(279, 118715, 'Manuel Sánchez', 'Left-Back', 'Spain', 88),
(280, 887, 'Goduine Koyalipou', 'Centre-Forward', 'Central African Republic', 88),
(281, 162, 'Jeremy Toljan', 'Right-Back', 'Germany', 88),
(282, 274, 'Cuéllar', 'Goalkeeper', 'Spain', 89),
(283, 172628, 'Leo Román', 'Goalkeeper', 'Spain', 89),
(284, 179663, 'Lucas Bergström', 'Goalkeeper', 'Finland', 89),
(285, 271379, 'Nil Torreguitart', 'Goalkeeper', 'Spain', 89),
(286, 180040, 'Antonio Sánchez', 'Midfield', 'Spain', 89),
(287, 264398, 'Iliesse Salhi', 'Midfield', 'Morocco', 89),
(288, 286767, 'Javier Olaizola', 'Midfield', 'Spain', 89),
(289, 285500, 'Jan Virgili', 'Offence', 'Spain', 89),
(290, 264439, 'Marc Domènech', 'Centre-Forward', 'Spain', 89),
(291, 218445, 'David López', 'Centre-Back', 'Spain', 89),
(292, 185178, 'Mateo Fernandez', 'Centre-Forward', 'Spain', 89),
(293, 176236, 'Javier Llabres', 'Left Winger', 'Spain', 89),
(294, 159520, 'Pablo Torre', 'Attacking Midfield', 'Spain', 89),
(295, 140814, 'Samuel Almeida Costa', 'Defensive Midfield', 'Portugal', 89),
(296, 120984, 'Mateu Morey', 'Right-Back', 'Spain', 89),
(297, 33681, 'Abdón Prats', 'Centre-Forward', 'Spain', 89),
(298, 33513, 'Pablo Maffeo', 'Right-Back', 'Spain', 89),
(299, 33138, 'Toni Lato', 'Left-Back', 'Spain', 89),
(300, 33120, 'Manu Morlanes', 'Central Midfield', 'Spain', 89),
(301, 32984, 'Antonio Raíllo', 'Centre-Back', 'Spain', 89),
(302, 32717, 'Sergi Darder', 'Central Midfield', 'Spain', 89),
(303, 32282, 'Dani Rodríguez', 'Attacking Midfield', 'Spain', 89),
(304, 30059, 'Vedat Muriqi', 'Centre-Forward', 'Kosovo', 89),
(305, 9408, 'Takuma Asano', 'Right Winger', 'Japan', 89),
(306, 6713, 'Omar Mascarell', 'Defensive Midfield', 'Spain', 89),
(307, 3724, 'Johan Mojica', 'Left-Back', 'Colombia', 89),
(308, 2777, 'Martin Valjent', 'Centre-Back', 'Slovakia', 89),
(309, 2151, 'Marash Kumbulla', 'Centre-Back', 'Albania', 89),
(310, 8197, 'Adrián', 'Goalkeeper', 'Spain', 90),
(311, 32695, 'Pau López', 'Goalkeeper', 'Spain', 90),
(312, 100130, 'Álvaro Vallés Rosa', 'Goalkeeper', 'Spain', 90),
(313, 203476, 'Germán García', 'Goalkeeper', 'Spain', 90),
(314, 265440, 'Manu González', 'Goalkeeper', 'Spain', 90),
(315, 179155, 'Valentín Gómez', 'Defence', 'Argentina', 90),
(316, 203505, 'Félix Martí', 'Defence', 'Spain', 90),
(317, 272694, 'Ángel Ortiz', 'Defence', 'Spain', 90),
(318, 244303, 'Mawuli Mensah', 'Midfield', 'Ghana', 90),
(319, 285050, 'Iván Corralejo', 'Midfield', 'Spain', 90),
(320, 175941, 'Abdessamad Ezzalzouli', 'Offence', 'Morocco', 90),
(321, 213268, 'Ezequiel Ávila', 'Offence', 'Argentina', 90),
(322, 274546, 'Pablo García', 'Offence', 'Spain', 90),
(323, 286766, 'Morante', 'Offence', 'Spain', 90),
(324, 97085, 'Antony', 'Right Winger', 'Brazil', 90),
(325, 33117, 'Pablo Fornals', 'Attacking Midfield', 'Spain', 90),
(326, 33045, 'Aitor Ruibal', 'Right-Back', 'Spain', 90),
(327, 33038, 'Bartra', 'Centre-Back', 'Spain', 90),
(328, 33037, 'Júnior Firpo', 'Left-Back', 'Dominican Republic', 90),
(329, 32710, 'Marc Roca', 'Defensive Midfield', 'Spain', 90),
(330, 32415, 'Cucho Hernández', 'Centre-Forward', 'Colombia', 90),
(331, 21583, 'Cédric Bakambu', 'Centre-Forward', 'DR Congo', 90),
(332, 7783, 'Héctor Bellerín', 'Right-Back', 'Spain', 90),
(333, 3705, 'Sofyan Amrabat', 'Defensive Midfield', 'Morocco', 90),
(334, 3216, 'Giovani Lo Celso', 'Central Midfield', 'Argentina', 90),
(335, 1745, 'Ricardo Rodriguez', 'Left-Back', 'Switzerland', 90),
(336, 66, 'Isco', 'Attacking Midfield', 'Spain', 90),
(337, 9, 'Diego Llorente', 'Centre-Back', 'Spain', 90),
(338, 244238, 'Darling Bladi', 'Left-Back', 'France', 90),
(339, 212861, 'Sergi Altimira', 'Central Midfield', 'Spain', 90),
(340, 189529, 'Dani Perez', 'Attacking Midfield', 'Spain', 90),
(341, 179141, 'Nelson Deossa', 'Central Midfield', 'Colombia', 90),
(342, 138031, 'Natan', 'Centre-Back', 'Brazil', 90),
(343, 128731, 'Rodrigo Riquelme', 'Left Winger', 'Spain', 90),
(344, 32413, 'Álex Remiro', 'Goalkeeper', 'Spain', 92),
(345, 157040, 'Unai Marrero', 'Goalkeeper', 'Spain', 92),
(346, 215503, 'Aitor Fraga', 'Goalkeeper', 'Spain', 92),
(347, 283801, 'Théo Folgado', 'Goalkeeper', 'France', 92),
(348, 272954, 'Luken Beitia', 'Defence', 'Spain', 92),
(349, 272958, 'Jon Balda', 'Defence', 'Spain', 92),
(350, 263820, 'Jon Gorrotxategi', 'Midfield', 'Spain', 92),
(351, 279952, 'Alex Lebarbier', 'Midfield', 'France', 92),
(352, 182319, 'Orri Oskarsson', 'Offence', 'Iceland', 92),
(353, 272956, 'Mikel Goti', 'Offence', 'Spain', 92),
(354, 272957, 'Alex Marchal', 'Offence', 'Spain', 92),
(355, 156615, 'Beñat Turrientes', 'Central Midfield', 'Spain', 92),
(356, 141571, 'Jon Aramburu', 'Right-Back', 'Venezuela', 92),
(357, 101182, 'Ander Barrenetxea', 'Left Winger', 'Spain', 92),
(358, 100129, 'Aihen Muñoz', 'Left-Back', 'Spain', 92),
(359, 82516, 'Luka Sučić', 'Central Midfield', 'Croatia', 92),
(360, 77734, 'Yangel Herrera', 'Central Midfield', 'Venezuela', 92),
(361, 48555, 'Takefusa Kubo', 'Right Winger', 'Japan', 92),
(362, 33615, 'Brais Méndez', 'Attacking Midfield', 'Spain', 92),
(363, 33148, 'Carlos Soler', 'Central Midfield', 'Spain', 92),
(364, 10206, 'Duje Ćaleta-Car', 'Centre-Back', 'Croatia', 92),
(365, 7672, 'Umar Sadiq', 'Centre-Forward', 'Nigeria', 92),
(366, 3259, 'Gonçalo Guedes', 'Left Winger', 'Portugal', 92),
(367, 164, 'Sergio Gómez', 'Right Winger', 'Spain', 92),
(368, 29, 'Igor Zubeldía', 'Centre-Back', 'Spain', 92),
(369, 27, 'Aritz Elustondo', 'Centre-Back', 'Spain', 92),
(370, 11, 'Álvaro Odriozola', 'Right-Back', 'Spain', 92),
(371, 245442, 'Jon Martín', 'Centre-Back', 'Spain', 92),
(372, 180137, 'Mikel Oyarzabal', 'Centre-Forward', 'Spain', 92),
(373, 176828, 'Alberto Dadie', 'Right Winger', 'Spain', 92),
(374, 172786, 'Pablo Marin', 'Attacking Midfield', 'Spain', 92),
(375, 171885, 'Jon Karrikaburu', 'Centre-Forward', 'Spain', 92),
(376, 170540, 'Arsen Zakharyan', 'Attacking Midfield', 'Russia', 92),
(377, 146023, 'Arnau Tenas', 'Goalkeeper', 'Spain', 94),
(378, 150546, 'Diego Conde', 'Goalkeeper', 'Spain', 94),
(379, 178718, 'Luiz Junior', 'Goalkeeper', 'Brazil', 94),
(380, 188765, 'Ruben Gomez', 'Goalkeeper', 'Spain', 94),
(381, 245756, 'Alex Quevedo', 'Goalkeeper', 'Spain', 94),
(382, 229014, 'Sierra Arnal', 'Defence', 'Spain', 94),
(383, 272229, 'Valou', 'Defence', 'Ivory Coast', 94),
(384, 213263, 'Santi Comesaña', 'Midfield', 'Spain', 94),
(385, 285597, 'Hugo López', 'Midfield', 'Spain', 94),
(386, 177826, 'Tani Oluwaseyi', 'Offence', 'Canada', 94),
(387, 286659, 'Mahamoud Barry', 'Offence', 'Mali', 94),
(388, 176758, 'Rafa Marin', 'Centre-Back', 'Spain', 94),
(389, 176202, 'Ilias Akhomach', 'Right Winger', 'Spain', 94),
(390, 150533, 'Alberto Moleiro', 'Attacking Midfield', 'Spain', 94),
(391, 136646, 'Georges Mikautadze', 'Centre-Forward', 'Georgia', 94),
(392, 113175, 'Tajon Buchanan', 'Right Midfield', 'Canada', 94),
(393, 40541, 'Manor Solomon', 'Left Winger', 'Israel', 94),
(394, 32719, 'Gerard Moreno', 'Centre-Forward', 'Spain', 94),
(395, 8412, 'Nicolas Pépé', 'Right Winger', 'Ivory Coast', 94),
(396, 7996, 'Juan Foyth', 'Right-Back', 'Argentina', 94),
(397, 7936, 'Ayoze Pérez', 'Centre-Forward', 'Spain', 94),
(398, 3198, 'Dani Parejo', 'Central Midfield', 'Spain', 94),
(399, 814, 'Logan Costa', 'Centre-Back', 'Cape Verde Islands', 94),
(400, 633, 'Pape Gueye', 'Defensive Midfield', 'Senegal', 94),
(401, 267, 'Alfonso Pedraza', 'Left-Back', 'Spain', 94),
(402, 110, 'Thomas Partey', 'Defensive Midfield', 'Ghana', 94),
(403, 252919, 'Pau Cabanes', 'Centre-Forward', 'Spain', 94),
(404, 244860, 'Willy Kambwala', 'Centre-Back', 'DR Congo', 94),
(405, 217521, 'Pau Navarro', 'Centre-Back', 'Spain', 94),
(406, 212858, 'Santiago Mouriño', 'Centre-Back', 'Uruguay', 94),
(407, 185093, 'Adrià Altimira', 'Right-Back', 'Spain', 94),
(408, 180289, 'Sergi Cardona', 'Left-Back', 'Spain', 94),
(409, 178769, 'Renato Veiga', 'Centre-Back', 'Portugal', 94),
(410, 33137, 'Cristian', 'Goalkeeper', 'Spain', 95),
(411, 33781, 'Stole Dimitrievski', 'Goalkeeper', 'North Macedonia', 95),
(412, 172017, 'Julen Agirrezabala', 'Goalkeeper', 'Spain', 95),
(413, 288490, 'Panach', 'Defence', 'Spain', 95),
(414, 289513, 'Joel Fontanet', 'Defence', 'Spain', 95),
(415, 30802, 'Filip Ugrinic', 'Midfield', 'Switzerland', 95),
(416, 229065, 'Javier Navarro', 'Midfield', 'Spain', 95),
(417, 278431, 'Lucas Núñez', 'Midfield', 'Spain', 95),
(418, 271693, 'Marc Jurado', 'Offence', 'Spain', 95),
(419, 283441, 'Aimar Blázquez', 'Offence', 'Spain', 95),
(420, 136349, 'Largie Ramazani', 'Left Winger', 'Belgium', 95),
(421, 99811, 'Thierry Correia', 'Right-Back', 'Portugal', 95),
(422, 98572, 'Lucas Beltrán', 'Attacking Midfield', 'Argentina', 95),
(423, 50907, 'Luis Rioja', 'Left Winger', 'Spain', 95),
(424, 37539, 'André Almeida', 'Attacking Midfield', 'Portugal', 95),
(425, 33270, 'Pepelu', 'Defensive Midfield', 'Spain', 95),
(426, 33146, 'Gaya', 'Left-Back', 'Spain', 95),
(427, 33131, 'Dani Raba', 'Right Winger', 'Spain', 95),
(428, 32762, 'Hugo Duro', 'Centre-Forward', 'Spain', 95),
(429, 30823, 'Eray Cömert', 'Centre-Back', 'Switzerland', 95),
(430, 9870, 'Arnaut Danjuma', 'Left Winger', 'Netherlands', 95),
(431, 8780, 'Dimitri Foulquier', 'Right-Back', 'Guadeloupe', 95),
(432, 8646, 'Baptiste Santamaria', 'Defensive Midfield', 'France', 95),
(433, 8456, 'Mouctar Diakhaby', 'Centre-Back', 'France', 95),
(434, 244743, 'David Otorbi', 'Right Winger', 'Spain', 95),
(435, 181914, 'Mario Dominguez', 'Centre-Forward', 'Spain', 95),
(436, 180061, 'Diego López', 'Right Winger', 'Spain', 95),
(437, 177180, 'Javier Guerra', 'Central Midfield', 'Spain', 95),
(438, 176602, 'Ruben Iranzo', 'Centre-Back', 'Spain', 95),
(439, 176041, 'Cesar Tarrega', 'Centre-Back', 'Spain', 95),
(440, 172108, 'Copete', 'Centre-Back', 'Spain', 95),
(441, 157190, 'Jesus Vazquez Alcalde', 'Left-Back', 'Spain', 95),
(442, 283, 'Sivera', 'Goalkeeper', 'Spain', 263),
(443, 32911, 'Raúl Fernández', 'Goalkeeper', 'Spain', 263),
(444, 202315, 'Gregoire Swiderski', 'Goalkeeper', 'Canada', 263),
(445, 253786, 'Rubén Montero', 'Goalkeeper', 'Spain', 263),
(446, 228406, 'Carlos Ballestero', 'Defence', 'Spain', 263),
(447, 273343, 'Yusi', 'Defence', 'Spain', 263),
(448, 146350, 'Calebe', 'Midfield', 'Brazil', 263),
(449, 213262, 'Carles Aleñá', 'Midfield', 'Spain', 263),
(450, 11113, 'Lucas Boyé', 'Offence', 'Argentina', 263),
(451, 278561, 'Lander Pinillos', 'Offence', 'Spain', 263),
(452, 287484, 'Diego Morcillo', 'Offence', 'Spain', 263),
(453, 250990, 'Álvaro García', 'Centre-Back', 'Spain', 263),
(454, 244942, 'Egoitz Muñoz', 'Right-Back', 'Spain', 263),
(455, 213404, 'Carlos Vicente', 'Right Winger', 'Spain', 263),
(456, 184988, 'Abde Rebbach', 'Left Winger', 'Algeria', 263),
(457, 173617, 'Pablo Ibáñez Tébar', 'Central Midfield', 'Spain', 263),
(458, 157626, 'Antonio Blanco', 'Defensive Midfield', 'Spain', 263),
(459, 144615, 'Jon Pacheco', 'Centre-Back', 'Spain', 263),
(460, 119282, 'Victor Parada', 'Left-Back', 'Spain', 263),
(461, 119064, 'Moussa Diarra', 'Centre-Back', 'Mali', 263),
(462, 46123, 'Nahuel Tenaglia', 'Right-Back', 'Argentina', 263),
(463, 45831, 'Facundo Garcés', 'Centre-Back', 'Malaysia', 263),
(464, 45473, 'Nikola Maraš', 'Centre-Back', 'Serbia', 263),
(465, 33622, 'Jonny Castro', 'Right-Back', 'Spain', 263),
(466, 33093, 'Ander Guevara', 'Central Midfield', 'Spain', 263),
(467, 33092, 'Jon Guridi', 'Central Midfield', 'Spain', 263),
(468, 28663, 'Carlos Benavidez', 'Defensive Midfield', 'Uruguay', 263),
(469, 15868, 'Denís Suárez', 'Attacking Midfield', 'Spain', 263),
(470, 11733, 'Toni Martínez', 'Centre-Forward', 'Spain', 263),
(471, 8474, 'Mariano Díaz', 'Centre-Forward', 'Dominican Republic', 263),
(472, 23810, 'Matías Dituro', 'Goalkeeper', 'Argentina', 285),
(473, 175982, 'Alejandro Iturbe', 'Goalkeeper', 'Spain', 285),
(474, 180898, 'Iñaki Peña', 'Goalkeeper', 'Spain', 285),
(475, 33318, 'Pedro Bigas', 'Defence', 'Spain', 285),
(476, 33516, 'Bambo Diaby', 'Defence', 'Spain', 285),
(477, 123212, 'David Affengruber', 'Defence', 'Austria', 285),
(478, 151557, 'Víctor Chust', 'Defence', 'Spain', 285),
(479, 172388, 'John Chetauya', 'Defence', 'Spain', 285),
(480, 211835, 'Álvaro Núñez', 'Defence', 'Spain', 285),
(481, 213280, 'Adrià Pedrosa', 'Defence', 'Spain', 285),
(482, 273557, 'Albert Niculaesei', 'Defence', 'Romania', 285),
(483, 287898, 'David Delgado', 'Defence', 'Spain', 285),
(484, 32052, 'Aleix Febas', 'Midfield', 'Spain', 285),
(485, 32281, 'Josán Fernández', 'Midfield', 'Spain', 285),
(486, 159647, 'Marc Aguado', 'Midfield', 'Spain', 285),
(487, 170459, 'Federico Redondo', 'Midfield', 'Argentina', 285),
(488, 189617, 'Rodrigo Mendoza', 'Midfield', 'Spain', 285),
(489, 284047, 'Antonio Martínez', 'Midfield', 'Spain', 285),
(490, 217520, 'Nordin', 'Offence', 'Spain', 285),
(491, 229141, 'Ali Houary', 'Offence', 'Spain', 285),
(492, 229143, 'Adam', 'Offence', 'Spain', 285),
(493, 227023, 'Héctor Fort', 'Right-Back', 'Spain', 285),
(494, 206810, 'Yago Santiago', 'Left Winger', 'Spain', 285),
(495, 189369, 'Alvaro Rodriguez', 'Centre-Forward', 'Spain', 285),
(496, 165143, 'Martim Neto', 'Central Midfield', 'Portugal', 285),
(497, 137485, 'Germán Valera', 'Right Winger', 'Spain', 285),
(498, 117813, 'Léo Pétrot', 'Left-Back', 'France', 285),
(499, 8214, 'Grady Diangana', 'Right Winger', 'DR Congo', 285),
(500, 4098, 'Rafael Mir', 'Centre-Forward', 'Spain', 285),
(501, 1760, 'André Silva', 'Centre-Forward', 'Portugal', 285),
(502, 3548, 'Dominik Livaković', 'Goalkeeper', 'Croatia', 298),
(503, 7993, 'Paulo Gazzaniga', 'Goalkeeper', 'Argentina', 298),
(504, 32854, 'Juan Carlos', 'Goalkeeper', 'Spain', 298),
(505, 215549, 'Vladyslav Krapyvtsov', 'Goalkeeper', 'Ukraine', 298),
(506, 272525, 'Aleksandar Andreev', 'Goalkeeper', 'Bulgaria', 298),
(507, 180280, 'Casals', 'Defence', 'Spain', 298),
(508, 272516, 'Pol Arnau', 'Defence', 'Spain', 298),
(509, 283309, 'Gibert Jordana', 'Defence', 'Spain', 298),
(510, 288472, 'Salguero', 'Defence', 'Spain', 298),
(511, 251326, 'Lass Kourouma', 'Midfield', 'Spain', 298),
(512, 271953, 'Enric García', 'Midfield', 'Spain', 298),
(513, 272147, 'Papa Ba', 'Midfield', 'Senegal', 298),
(514, 160819, 'Vladyslav Vanat', 'Offence', 'Ukraine', 298),
(515, 287435, 'Javi Sarasa', 'Offence', 'Spain', 298),
(516, 122511, 'Azzedine Ounahi', 'Central Midfield', 'Morocco', 298),
(517, 102497, 'Iván Martín', 'Attacking Midfield', 'Spain', 298),
(518, 101912, 'Bryan Gil', 'Left Winger', 'Spain', 298),
(519, 33523, 'Portu', 'Right Winger', 'Spain', 298),
(520, 32712, 'David López', 'Centre-Back', 'Spain', 298),
(521, 32511, 'Abel Ruiz', 'Centre-Forward', 'Spain', 298),
(522, 32123, 'Alex Moreno', 'Left-Back', 'Spain', 298),
(523, 16173, 'Viktor Tsyhankov', 'Right Winger', 'Ukraine', 298),
(524, 7899, 'Daley Blind', 'Centre-Back', 'Netherlands', 298),
(525, 7556, 'Donny van de Beek', 'Central Midfield', 'Netherlands', 298),
(526, 3656, 'Axel Witsel', 'Centre-Back', 'Belgium', 298),
(527, 3369, 'Thomas Lemar', 'Attacking Midfield', 'France', 298),
(528, 3171, 'Cristhian Stuani', 'Centre-Forward', 'Uruguay', 298),
(529, 249196, 'Vitor Reis', 'Centre-Back', 'Brazil', 298),
(530, 229042, 'Hugo Rincón', 'Right-Back', 'Spain', 298),
(531, 178361, 'Jhon Solis', 'Central Midfield', 'Colombia', 298),
(532, 156794, 'Yaser Asprilla', 'Right Winger', 'Colombia', 298),
(533, 151744, 'Arnau Martinez', 'Right-Back', 'Spain', 298),
(534, 135524, 'Alejandro Francés', 'Centre-Back', 'Spain', 298),
(535, 2788, 'Ionuț Radu', 'Goalkeeper', 'Romania', 558),
(536, 32918, 'Iván Villar', 'Goalkeeper', 'Spain', 558),
(537, 185095, 'Marc Vidal', 'Goalkeeper', 'Spain', 558),
(538, 288770, 'Marcos Maestu', 'Goalkeeper', 'Spain', 558),
(539, 279927, 'Manuel Fernández', 'Defence', 'Spain', 558),
(540, 288771, 'Pablo González', 'Defence', 'Spain', 558),
(541, 83406, 'Ferran Jutglà', 'Midfield', 'Spain', 558),
(542, 180502, 'Jones El-Abdellaoui', 'Midfield', 'Norway', 558),
(543, 272435, 'Miguel Román', 'Midfield', 'Spain', 558),
(544, 288772, 'Andrés Antañón', 'Midfield', 'Spain', 558),
(545, 288773, 'Óscar Marcos', 'Midfield', 'Spain', 558),
(546, 288775, 'Hugo Burcio', 'Midfield', 'Spain', 558),
(547, 180104, 'Bryan Zaragoza', 'Offence', 'Spain', 558),
(548, 289484, 'Ángel Arcos', 'Offence', 'Spain', 558),
(549, 175869, 'Hugo Alvarez', 'Left Winger', 'Spain', 558),
(550, 170438, 'Williot Swedberg', 'Left Winger', 'Sweden', 558),
(551, 168650, 'Hugo Sotelo', 'Central Midfield', 'Spain', 558),
(552, 159446, 'Carlos Dominguez', 'Centre-Back', 'Spain', 558),
(553, 157368, 'Ilaix Moriba', 'Central Midfield', 'Guinea', 558),
(554, 146986, 'Óscar Mingueza', 'Right-Back', 'Spain', 558),
(555, 133570, 'Sergio Carreira', 'Right-Back', 'Spain', 558),
(556, 57610, 'Mihajlo Ristić', 'Left-Back', 'Serbia', 558),
(557, 32111, 'Fran Beltrán', 'Central Midfield', 'Spain', 558),
(558, 32056, 'Borja Iglesias', 'Centre-Forward', 'Spain', 558),
(559, 31019, 'Carl Starfelt', 'Centre-Back', 'Sweden', 558),
(560, 16747, 'Franco Cervi', 'Left Winger', 'Argentina', 558),
(561, 8968, 'Joseph Aidoo', 'Centre-Back', 'Ghana', 558),
(562, 3201, 'Iago Aspas', 'Centre-Forward', 'Spain', 558),
(563, 3195, 'Marcos Alonso', 'Left-Back', 'Spain', 558),
(564, 253001, 'Javi Rueda', 'Right-Back', 'Spain', 558),
(565, 252993, 'Yoel Lago', 'Centre-Back', 'Spain', 558),
(566, 229003, 'Javi Rodríguez', 'Centre-Back', 'Spain', 558),
(567, 188859, 'Pablo Duran', 'Centre-Forward', 'Spain', 558),
(568, 182269, 'Damian Rodriguez', 'Defensive Midfield', 'Spain', 558),
(569, 175892, 'Hugo Gonzalez', 'Right Winger', 'Spain', 558),
(570, 6843, 'Ørjan Nyland', 'Goalkeeper', 'Norway', 559),
(571, 42871, 'Odisseas Vlachodimos', 'Goalkeeper', 'Greece', 559),
(572, 161304, 'Rafa Romero', 'Goalkeeper', 'Spain', 559),
(573, 177573, 'Alberto Flores', 'Goalkeeper', 'Spain', 559),
(574, 180165, 'Castrin', 'Defence', 'Spain', 559),
(575, 272316, 'Ramón Martínez', 'Defence', 'Spain', 559),
(576, 213257, 'Joan Jordán', 'Midfield', 'Spain', 559),
(577, 213279, 'Manuel Bueno', 'Midfield', 'Spain', 559),
(578, 226950, 'Miguel Ángel Sierra', 'Midfield', 'Spain', 559),
(579, 264218, 'Pablo Rivera', 'Midfield', 'Spain', 559),
(580, 283816, 'Eduardo Altozano', 'Midfield', 'Spain', 559),
(581, 185105, 'Peque', 'Offence', 'Spain', 559),
(582, 249864, 'Costa', 'Offence', 'Spain', 559),
(583, 140251, 'Batista Mendy', 'Defensive Midfield', 'France', 559),
(584, 127127, 'Nianzou Kouassi', 'Centre-Back', 'France', 559),
(585, 98223, 'Lucien Agoume', 'Defensive Midfield', 'France', 559),
(586, 82132, 'Akor Adams', 'Centre-Forward', 'Nigeria', 559),
(587, 45449, 'Marcão', 'Centre-Back', 'Brazil', 559),
(588, 38625, 'Chidera Ejuke', 'Left Winger', 'Nigeria', 559),
(589, 34909, 'Fábio Cardoso', 'Centre-Back', 'Portugal', 559),
(590, 32324, 'Alfonso González', 'Left Winger', 'Spain', 559),
(591, 31913, 'Ruben Vargas', 'Left Winger', 'Switzerland', 559),
(592, 21410, 'Nemanja Gudelj', 'Defensive Midfield', 'Serbia', 559),
(593, 21385, 'Gabriel Suazo', 'Left-Back', 'Chile', 559),
(594, 16275, 'Djibril Sow', 'Central Midfield', 'Switzerland', 559),
(595, 10210, 'Adnan Januzaj', 'Right Winger', 'Belgium', 559),
(596, 7911, 'Alexis Sánchez', 'Centre-Forward', 'Chile', 559),
(597, 3191, 'Azpilicueta', 'Centre-Back', 'Spain', 559),
(598, 244751, 'Oso', 'Left Winger', 'Spain', 559),
(599, 213043, 'Isaac', 'Centre-Forward', 'Spain', 559),
(600, 180038, 'Juanlu', 'Right-Back', 'Spain', 559),
(601, 178107, 'Kike Salas', 'Centre-Back', 'Spain', 559),
(602, 171984, 'Jose Angel Carmona', 'Right-Back', 'Spain', 559),
(603, 32016, 'Aarón', 'Goalkeeper', 'Spain', 1048),
(604, 122005, 'Horaţiu Moldovan', 'Goalkeeper', 'Romania', 1048),
(605, 271946, 'Miguel Narváez', 'Goalkeeper', 'Spain', 1048),
(606, 15864, 'David Costas', 'Defence', 'Spain', 1048),
(607, 32397, 'Dani Calvo', 'Defence', 'Spain', 1048),
(608, 32935, 'Lucas Ahijado', 'Defence', 'Spain', 1048),
(609, 80869, 'David Carmo', 'Defence', 'Portugal', 1048),
(610, 180060, 'Javi López', 'Defence', 'Spain', 1048),
(611, 180295, 'Oier Luengo', 'Defence', 'Spain', 1048),
(612, 220693, 'Marco Esteban', 'Defence', 'Spain', 1048),
(613, 226037, 'Rahim Alhassane', 'Defence', 'Niger', 1048),
(614, 277618, 'Omar Falah', 'Defence', 'Spain', 1048),
(615, 2598, 'Santiago Colombatto', 'Midfield', 'Argentina', 1048),
(616, 4068, 'Ovie Ejaria', 'Midfield', 'England', 1048),
(617, 7790, 'Santi Cazorla', 'Midfield', 'Spain', 1048),
(618, 67707, 'Luka Ilić', 'Midfield', 'Serbia', 1048),
(619, 79960, 'Kwasi Sibo', 'Midfield', 'Ghana', 1048),
(620, 98222, 'Haissem Hassan', 'Midfield', 'France', 1048),
(621, 151093, 'Brandon Domingues', 'Midfield', 'France', 1048),
(622, 191053, 'Alberto Reina', 'Midfield', 'Spain', 1048),
(623, 230706, 'Diego Menéndez', 'Midfield', 'Spain', 1048),
(624, 274926, 'Diego Tejón', 'Midfield', 'Spain', 1048),
(625, 278741, 'Lamine Gueye', 'Midfield', 'Spain', 1048),
(626, 283317, 'Cheli', 'Midfield', 'Spain', 1048),
(627, 288568, 'Pablo Menéndez', 'Midfield', 'Spain', 1048),
(628, 112678, 'Federico Viñas', 'Offence', 'Uruguay', 1048),
(629, 33142, 'Nacho Vidal', 'Right-Back', 'Spain', 1048),
(630, 9436, 'Josip Brekalo', 'Left Winger', 'Croatia', 1048),
(631, 8031, 'Salomón Rondón', 'Centre-Forward', 'Venezuela', 1048),
(632, 7901, 'Eric Bailly', 'Centre-Back', 'Ivory Coast', 1048),
(633, 3659, 'Leander Dendoncker', 'Defensive Midfield', 'Belgium', 1048),
(634, 185104, 'Alex Forés', 'Centre-Forward', 'Spain', 1048),
(635, 146126, 'Ilyas Chaira', 'Right Winger', 'Morocco', 1048);

INSERT INTO stadiums (stadium_id, name, capacity, city, team_id) VALUES
(77, 'San Mamés', 53289, 'Bilbao', 77),
(78, 'Cívitas Metropolitano', 68456, 'Madrid', 78),
(79, 'El Sadar', 23576, 'Pamplona', 79),
(80, 'RCDE Stadium', 40500, 'Cornellà de Llobregat', 80),
(81, 'Spotify Camp Nou', 99354, 'Barcelona', 81),
(82, 'Coliseum Alfonso Pérez', 17393, 'Getafe', 82),
(86, 'Santiago Bernabéu', 81044, 'Madrid', 86),
(87, 'Estadio de Vallecas', 14708, 'Madrid', 87),
(88, 'Estadi Ciutat de València', 26454, 'Valencia', 88),
(89, 'Estadi Mallorca Son Moix', 23142, 'Palma', 89),
(90, 'Estadio Benito Villamarín', 60721, 'Seville', 90),
(92, 'Reale Arena', 39500, 'San Sebastián', 92),
(94, 'Estadio de la Cerámica', 23500, 'Villarreal', 94),
(95, 'Estadio de Mestalla', 48600, 'Valencia', 95),
(263, 'Estadio de Mendizorroza', 19840, 'Vitoria-Gasteiz', 263),
(285, 'Estadio Martínez Valero', 31888, 'Elche', 285),
(298, 'Estadi Municipal de Montilivi', 11340, 'Girona', 298),
(558, 'Abanca-Balaídos', 29000, 'Vigo', 558),
(559, 'Ramón Sánchez-Pizjuán', 43883, 'Seville', 559),
(1048, 'Estadio Carlos Tartiere', 30500, 'Oviedo', 1048);

ALTER TABLE coaches ALTER COLUMN coach_name TYPE VARCHAR(100);
INSERT INTO coaches (coach_id, coach_name, nationality, birth_date, salary, team_id) VALUES
(1, 'Xabi Alonso', 'Spanish', '1981-11-25', 9000000, 86),
(2, 'Hansi Flick', 'German', '1965-02-24', 7500000, 81),
(3, 'Marcelino García Toral', 'Spanish', '1965-08-14', 4500000, 94),
(4, 'Diego Simeone', 'Argentinian', '1970-04-28', 40000000, 78),
(5, 'Manuel Pellegrini', 'Chilean', '1953-09-16', 6000000, 90),
(6, 'Manolo González', 'Spanish', '1979-01-14', null, 80),
(7, 'José Bordalás', 'Spanish', '1964-03-05', 1070000, 82),
(8, 'Eduardo Coudet', 'Argentinian', '1974-09-12', 800000, 263),
(9, 'Iñigo Pérez', 'Spanish', '1988-01-18', null, 87),
(10, 'Ernesto Valverde', 'Spanish', '1964-02-09', 1000000, 77),
(11, 'Matías Jesús Almeyda', 'Argentinian', '1973-12-21', 2000000, 559),
(12, 'Claudio Giráldez', 'Spanish', '1988-02-24', null, 558),
(13, 'Eder Sarabia', 'Spanish', '1981-01-12', null, 285),
(14, 'Sergio Francisco', 'Spanish', '1979-03-19', null, 92),
(15, 'Alessio Lisci', 'Italian', '1985-11-04', 1000000, 79),
(16, 'Carlos Corberán', 'Spanish', '1983-04-07', 3000000, 95),
(17, 'Jagoba Arrasate', 'Spanish', '1978-04-22', 950000, 89),
(18, 'Míchel', 'Spanish', '1975-10-30', 2700000, 298),
(19, 'Álvaro del Moral', 'Spanish', '1984-05-09', null, 88),
(20, 'Luis Carrión', 'Spanish', '1979-02-07', null, 1048);

ALTER TABLE matches 
ADD COLUMN home_team_score INTEGER CHECK (home_team_score >= 0),
ADD COLUMN away_team_score INTEGER CHECK (away_team_score >= 0);

INSERT INTO matches (match_id, home_team_id, away_team_id, stadium_id, attendance, round_number, home_team_score, away_team_score) VALUES
(1401, 82, 285, 82, 7697, 14, 1, 0),
(1402, 89, 79, 89, 15457, 14, 2, 2),
(1403, 81, 263, 81, 44834, 14, 3, 1),
(1404, 88, 77, 88, 19848, 14, 0, 2),
(1405, 78, 1048, 78, 61305, 14, 2, 0),
(1406, 92, 94, 92, 30140, 14, 2, 3),
(1407, 559, 90, 559, 42580, 14, 0, 2),
(1408, 558, 80, 558, 20031, 14, 0, 1),
(1409, 298, 86, 298, 14005, 14, 1, 1),
(1410, 87, 95, 87, 11267, 14, 1, 1);

INSERT INTO player_stats (player_id, matches, goals, assists, red_cards) VALUES
(128, 11, 0, 0, 0),   
(127, 0, 0, 0, 0), 
(126, 9, 0, 0, 0), 
(129, 0, 0, 0, 0), 
(130, 0, 0, 0, 0), 
(154, 16, 0, 0, 0), 
(147, 19, 0, 0, 0),  
(139, 15, 0, 3, 0),  
(145, 15, 2, 0, 1), 
(142, 20, 1, 1, 0),  
(149, 13, 0, 0, 0), 
(153, 18, 0, 0, 0),
(132, 2, 0, 0, 0),  
(135, 0, 0, 0, 0), 
(141, 15, 2, 3, 1), 
(155, 13, 7, 4, 0),
(146, 17, 4, 2, 0), 
(148, 15, 0, 2, 1), 
(140, 2, 0, 1, 0),  
(157, 15, 0, 1, 0),  
(152, 7, 0, 1, 0),  
(134, 5, 0, 0, 0),   
(133, 0, 0, 0, 0), 
(138, 0, 0, 0, 0),
(156, 15, 7, 9, 0), 
(143, 11, 4, 3, 0), 
(144, 18, 10, 1, 0), 
(150, 19, 6, 9, 0), 
(151, 16, 8, 1, 0),  
(136, 9, 0, 1, 0),
(131, 0, 0, 0, 0),
(137, 1, 0, 0, 0); 

